,Drug,Build_FRS,Test_FRS,Sensitivity,Specificity,Coverage
0,RIF,0.1,0.1,96.33805531463814,98.4365356922444,97.11581541218638
1,RIF,0.1,0.6,95.51547883113126,98.52277390233894,97.27542562724014
2,RIF,0.6,0.1,96.34509954794652,98.42454736668454,97.00940860215054
3,RIF,0.6,0.6,95.52540415704388,98.51468898736255,97.34543010752688
